video,file,noise,chroma_std,glare_area,line_ratio,hf_energy,prewitt_energy,orientation_entropy,perpendicular_ratio,hf_energy_pstd,score
0,0_f0.png,0.43873266419271745,17.617342653934436,9.5367431640625e-07,0.6249332392322514,0.6188767421858724,1868.4700967441395,0.855521399414711,0.23573914460475381,0.12303306377864814,0.8125252210449817
0,0_f1.png,0.4918868369686847,16.631985836480098,0.0,0.30866868280311205,0.6178938183141097,1555.9361513653776,0.8847649414986541,0.19275284306247192,0.12182610976127227,0.8552614295826675
0,0_f2.png,0.4669365640519132,14.285941599072963,0.0,0.30866868280311205,0.588525865719228,1008.1306300497571,0.8808366817153129,0.1938186755487748,0.1297967602933218,0.6087248552070402
0,0_f3.png,0.47253346635756704,13.383054360530899,9.5367431640625e-07,0.18920630668468164,0.5739667185314493,879.8862259805248,0.9269731476815884,0.14243854213887455,0.13556301076500246,0.008261163720697103
0,0_f4.png,0.4919908314373097,12.520329956526115,0.0,0.044921875,0.5360706586145576,109.93501860669339,0.9831298660263552,0.09297487385302322,0.11294316304900975,0.008234848525227934
0,0_f5.png,0.4955232435513941,11.86134756631379,0.0,0.04008667139018318,0.5580861051277364,138.7226213744913,0.9777849627404049,0.09688883117932934,0.11555067366059288,0.0002691781848528344
1,1_f0.png,0.506273871734869,15.283055931207166,0.00042438507080078125,0.16103660717016163,0.7528425772940295,2429.7332022993924,0.9422223591532412,0.19197393051614484,0.09772340390617498,0.00025620880325448323
1,1_f1.png,0.35552388999475454,18.924191404424956,0.004513740539550781,0.2423774220668732,0.65778012112722,1087.4792610122531,0.9299695245947909,0.1972151118191117,0.10147024844030249,5.6366926752018655e-05
1,1_f2.png,0.5253052594719746,15.865305075537728,0.005927085876464844,0.4944223196577812,0.6745890845852031,1029.0007991120112,0.9426841818126146,0.16674268429110398,0.1006979636835235,0.0015858094777200693
1,1_f3.png,0.38297622982877166,14.844427319007805,0.00897216796875,0.31488348849713443,0.6314542976723716,569.70121313295,0.938440121121516,0.18407240824848253,0.09207473463751344,2.885334189859655e-05
1,1_f4.png,0.37890104658420976,13.757902159639354,0.0037097930908203125,0.16849028770460703,0.6730332497077404,895.6788763606485,0.9513936625903268,0.1932221049725725,0.09181478143325632,7.1802810934437195e-06
1,1_f5.png,0.5320071030067693,16.857297270376407,0.001743316650390625,0.21693759509595295,0.7055656409028842,769.8547664367887,0.9667429919893173,0.16843769232709133,0.1114570283590687,0.00018299750918433126
2,2_f0.png,0.40153164288255494,27.357809876047913,0.0006341934204101562,0.37979368130136826,0.7379344617305768,1817.9036349609346,0.8493127584429189,0.25302037115908044,0.13008454035861264,0.004349251850481426
2,2_f1.png,0.3160785880559188,29.102260154336566,0.0026397705078125,0.16227548201058462,0.5703813832191091,617.2764864652942,0.9226083114373659,0.1890025404977137,0.09777668273348471,0.00023547692349181823
2,2_f2.png,0.3428939617696076,32.140723045877394,0.004305839538574219,0.07233487497025823,0.5210355123300734,273.60054359308504,0.9702613245596958,0.12981005139463875,0.08838689343320191,0.001150494733248743
2,2_f3.png,0.3374268525603723,30.622355876867626,0.00392913818359375,0.10669140846677862,0.5057879606638718,224.9272570295699,0.9722730873504585,0.13863421616187283,0.08240175000350448,0.0016340121553670827
2,2_f4.png,0.3477673025608666,29.57234323877119,0.00566864013671875,0.09141167518622313,0.5336713853005411,379.2326866673359,0.961527312914883,0.14209967628728365,0.09073722674801034,0.004133886683100278
2,2_f5.png,0.32513970610296256,30.21858877143724,0.0047760009765625,0.0682197234241132,0.4969864763932993,266.1843368048614,0.952450687231749,0.14040385005785408,0.08897087894517096,0.0006157193518529335
3,3_f0.png,0.3339356382550125,14.141508680056694,0.025206565856933594,0.21820873325678614,0.7070608014115655,2512.9242997549713,0.7497274075985427,0.2967153304110706,0.08770554778394024,0.0005055447726539196
3,3_f1.png,0.3107690704645229,15.762636992525522,0.032111167907714844,0.5296395519239081,0.663510567855476,2051.770699170046,0.7743349310561204,0.34336169296464797,0.10366632266286119,0.0010127137614083976
3,3_f2.png,0.46239640553897976,21.305416089791887,0.05492973327636719,0.14158640813304635,0.6337828164146373,1060.3288049769794,0.8692539409757012,0.20394794897412769,0.09204687905032737,0.0034833060654844254
3,3_f3.png,0.4019304216718594,12.059783717227658,0.009541511535644531,0.10841383266239057,0.5720425105187402,374.7792750784323,0.9039639378655256,0.19920894226826133,0.08848781972328885,3.833143552255085e-05
3,3_f4.png,0.4417363044317161,13.508024160324604,5.91278076171875e-05,0.0338361643341219,0.5918635394169148,129.48780521873343,0.9394545210407497,0.15354108567788516,0.1027320949926387,4.273237113587172e-06
3,3_f5.png,0.4849516058475718,12.793001741240209,2.193450927734375e-05,0.06886323793091695,0.6450371543574976,234.08780509679957,0.9477244902570376,0.1486430588587509,0.0944264808734159,6.244374281326391e-06
4,4_f0.png,1.1957645983252236,9.662432544590352,0.0,0.366673535947321,0.8095311383483076,1562.124909805234,0.9135586377609434,0.15739345712067032,0.20236485655598438,0.5492390247353532
4,4_f1.png,0.8415388392840172,10.325871300065682,0.02886676788330078,0.13537283946221448,0.7062250185883544,2338.1928431450824,0.8372944942442636,0.29133590877739135,0.09386900176852471,0.75689505205535
4,4_f2.png,0.4649770682757824,12.243182144119226,0.0,0.1899169278491061,0.6084937664345957,514.2881798345151,0.9318677580521875,0.16669868966238827,0.08918814492916946,0.05777815447476201
4,4_f3.png,0.8935180745538843,13.259743382028942,0.0,0.24652062586288814,0.7431574128444667,334.64262085248254,0.9533100720915421,0.14102153046862442,0.07876241213709279,0.3336126665058411
4,4_f4.png,0.7396482587550189,12.689681290752942,0.0,0.211232297257169,0.7055297350650298,130.96530736967415,0.9860664108364074,0.10817597952551002,0.09282844786270082,0.006914484174107645
4,4_f5.png,0.8728881718403946,12.98705985086813,0.0,0.1796875,0.7328302196956528,380.9949980583136,0.9571027815580451,0.11576576349231751,0.09333543942401958,0.11743446610620133
5,5_f0.png,0.5693715156262908,15.662512931718707,0.016098976135253906,0.17884829719464435,0.752803267417705,3892.4463793101386,0.8710050916474548,0.22787097938539924,0.14937220644789623,0.0033147811693963105
5,5_f1.png,0.4697698133538569,15.268137794250437,0.010623931884765625,0.4944223196577812,0.7410406690277282,3700.437949674604,0.8415124013365383,0.28356572990987117,0.16563441689517588,0.007896171455001407
5,5_f2.png,0.39034563785639403,21.071126352177675,2.384185791015625e-05,0.4329647966835598,0.5098946666062093,803.1262231913936,0.9191324448895113,0.22179836966375896,0.12773292371456324,0.3708522785666975
5,5_f3.png,0.4973781448908116,13.177328290866189,0.0033102035522460938,0.0569135732112633,0.5883730015637428,93.62028577280455,0.9875452439434557,0.10658803392482448,0.07751734824575222,3.929696510317052e-07
5,5_f4.png,0.43499346307755954,14.832069723787178,5.817413330078125e-05,0.024089641374109395,0.5737901705222253,78.48019339831006,0.981038120833641,0.12154611148713547,0.10361583207231945,1.380634833888121e-07
5,5_f5.png,0.3778219039828623,15.450849883202366,0.0003814697265625,0.07444007398893766,0.5046560134271272,65.94095373700253,0.970044156535162,0.12365839075363096,0.11109597018380049,4.248268369311472e-06
6,6_f0.png,0.37855526497603154,12.107042622758712,0.000156402587890625,0.18155660018921266,0.6503478603169516,1397.7907043161622,0.9235596513481474,0.2184185287629174,0.11144884524177011,6.403041386659075e-05
6,6_f1.png,0.3832640145217551,13.540819371254504,5.7220458984375e-05,0.20931268020763366,0.6206298205122323,1193.3880041091015,0.9267887457938238,0.2269072692318082,0.09682891397428328,0.001006908271857909
6,6_f2.png,0.391396581957595,10.305458266278352,3.814697265625e-05,0.18920630668468164,0.5999785782421764,754.086493905769,0.942640850747407,0.17341764959804803,0.0858212479693771,8.981044140871734e-05
6,6_f3.png,0.4020704142257777,9.475504848278183,0.0,0.07803339355848819,0.6052233766562004,530.1330427971814,0.9586611082419869,0.1603807598643232,0.0734930016855364,0.0009922407913385582
6,6_f4.png,0.43479887342761303,12.59477751934045,1.049041748046875e-05,0.1058050375130351,0.6090246260689803,401.60688313551475,0.9765656160170382,0.11581291998437165,0.05677569354877233,0.0001444942040335174
6,6_f5.png,0.42700568794034366,10.802630666057965,8.58306884765625e-06,0.05741822107847304,0.6115061180726331,457.1189452648968,0.9703231736212686,0.12292880199097993,0.06956445360555383,1.725917937471684e-05
7,7_f0.png,0.5222432223390557,22.547754025228578,0.0012607574462890625,0.13396358940448264,0.7641906412009055,3591.342906314776,0.8584980232170282,0.2372457955621676,0.09642186730327892,0.12958350113630138
7,7_f1.png,0.4169048251964124,21.669395908563846,0.011648178100585938,0.3611492642193011,0.6967539239861903,2113.480621451819,0.8476053146181862,0.23232901235862813,0.09218625531327308,0.04065683431943291
7,7_f2.png,0.27147216063284063,12.858964704697941,0.000873565673828125,0.5710715898840574,0.6005713421436735,749.1142793328747,0.8537321591728435,0.30160887413263976,0.09315944654065367,5.842985785796877e-07
7,7_f3.png,0.8605948257127398,10.241495349262815,0.00033092498779296875,0.8076171874999999,0.8225942217534491,8942.541469280226,0.5230794840428693,0.40649542103928055,0.12240211689431729,0.987143910982106
7,7_f4.png,1.0945197834485143,10.582429515847211,0.00023174285888671875,0.8310546874999999,0.8619613739297871,7936.623963617751,0.6566580971928064,0.2559635823069269,0.12152627276122376,0.9585064734079833
7,7_f5.png,1.2958148767382842,9.581176452640838,1.52587890625e-05,0.22739966055677804,0.8239200360282561,891.0039089065423,0.9837976659434597,0.11182796914396088,0.09735945580309448,0.009213958621554167
8,8_f0.png,0.4347524758954573,13.057252609894988,0.0005321502685546875,0.2969296053810697,0.7259301241999345,2062.556134121992,0.8158418678307512,0.2895705337385523,0.09010150667237293,0.007091679693451793
8,8_f1.png,0.2818926063784311,14.332903279122469,0.0003681182861328125,0.12843931767646272,0.5841519927386613,628.6630754360034,0.8307108584922251,0.3415988760853019,0.10558581205260618,2.0483277395587977e-07
8,8_f2.png,1.7950515227770427,14.900208710386684,1.9073486328125e-06,0.20658509746914924,0.793312027078153,375.6426650657114,0.9939814696094379,0.08328788646455462,0.09492997739798706,0.12847041864696446
8,8_f3.png,1.782249803689302,16.874825710844863,5.7220458984375e-05,0.35742187499999994,0.8493653613560052,1529.6273509761231,0.8196790094638885,0.2124870329088911,0.054510789414744736,0.9985576893105605
8,8_f4.png,0.18471057540579375,14.809060697070063,0.0,0.021451057262196087,0.46963222957108647,30.212083244337474,0.8778182800144801,0.2846009828935377,0.10946638412773843,1.5108912156742804e-06
8,8_f5.png,0.930262120170185,15.10648879021959,0.0,0.10449218749999999,0.7029244367490822,212.45056298522144,0.9839981169161499,0.11827024814772194,0.15534123650057635,0.048640993262743015
9,9_f0.png,0.3085745871871721,13.072002087661254,0.0060520172119140625,0.16789066362624613,0.5670096190319245,1418.4007305834145,0.9384914360932453,0.1688814812409371,0.08014126874312308,0.00010846958829395411
9,9_f1.png,0.3219232771820081,12.225735906525726,0.0006742477416992188,0.2411387717831375,0.5203063269361463,816.9460013326044,0.9483087645692353,0.1677814136860541,0.11989567816049168,0.0021804932444904122
9,9_f2.png,0.3002724287717283,12.226850244814827,0.005837440490722656,0.14501213286052242,0.4951347110406476,563.9223408334602,0.9650713452584744,0.13754502131884208,0.09433523577055325,8.020259525254719e-05
9,9_f3.png,0.4179209711484965,12.195165915987369,0.00441741943359375,0.21130339359676126,0.5683383713703005,838.5800328014399,0.9666103672859465,0.12858624237460586,0.09695891581059196,0.00019296551438046554
9,9_f4.png,0.4390688463114842,12.229313450104721,0.007325172424316406,0.2646484375,0.572957348475322,922.696783577212,0.9428049215152199,0.14222333089164096,0.07820685925411895,0.0015191009070433077
9,9_f5.png,0.5175380726018615,12.538400075064656,0.0009126663208007812,0.2895511929539653,0.6027996680062568,996.5998570319038,0.9377220568838062,0.13801946655283626,0.13597009415800657,0.0033831826691082603
